<?xml version="1.0" encoding="UTF-8"?>
<metadata xml:lang="en"><Esri><CreaDate>20110127</CreaDate><CreaTime>15261000</CreaTime><ArcGISFormat>1.0</ArcGISFormat><SyncOnce>TRUE</SyncOnce><DataProperties><lineage><Process ToolSource="C:\Programmi\ArcGIS\Desktop10.0\ArcToolbox\Toolboxes\Data Management Tools.tbx\CalculateField" Date="20110127" Time="152610">CalculateField hydrobasins_europe MAJ_NAME "Italy, West Coast" VB #</Process><Process ToolSource="C:\Programmi\ArcGIS\Desktop10.0\ArcToolbox\Toolboxes\Data Management Tools.tbx\CalculateField" Date="20110127" Time="152640">CalculateField hydrobasins_europe MAJ_NAME "Italy, East Coast" VB #</Process><Process ToolSource="C:\Programmi\ArcGIS\Desktop10.0\ArcToolbox\Toolboxes\Data Management Tools.tbx\DefineProjection" Date="20110131" Time="110120">DefineProjection hydrobasins_europe GEOGCS['GCS_WGS_1984',DATUM['D_WGS_1984',SPHEROID['WGS_1984',6378137.0,298.257223563]],PRIMEM['Greenwich',0.0],UNIT['Degree',0.0174532925199433]]</Process><Process ToolSource="C:\Programmi\ArcGIS\Desktop10.0\ArcToolbox\Toolboxes\Data Management Tools.tbx\DefineProjection" Date="20110201" Time="131526">DefineProjection hydrobasins_europe GEOGCS['GCS_WGS_1984',DATUM['D_WGS_1984',SPHEROID['WGS_1984',6378137.0,298.257223563]],PRIMEM['Greenwich',0.0],UNIT['Degree',0.0174532925199433]]</Process><Process ToolSource="C:\Programmi\ArcGIS\Desktop10.0\ArcToolbox\Toolboxes\Data Management Tools.tbx\CalculateField" Date="20110201" Time="132120">CalculateField hydrobasins_europe LEGEND "[MAJ_BAS] - 4000" VB #</Process></lineage></DataProperties></Esri></metadata>
